Product ID,Product,Group,Category,Supplier,Unit Cost
1204,Product 1204,Sugarcane Liquor,Drinks,Kappa Drinks,4.02
1205,Product 1205,Sugarcane Liquor,Drinks,Kappa Drinks,37.83
1206,Product 1206,Sugarcane Liquor,Drinks,Kappa Drinks,38.1
1207,Product 1207,Sugarcane Liquor,Drinks,Kappa Drinks,4.01
1210,Product 1210,Sugarcane Liquor,Drinks,Kappa Drinks,5.11
1211,Product 1211,Sugarcane Liquor,Drinks,Kappa Drinks,14.15
1212,Product 1212,Sugarcane Liquor,Drinks,Kappa Drinks,14.69
1651,Product 1651,Sugarcane Liquor,Drinks,Kappa Drinks,14.12
1652,Product 1652,Sugarcane Liquor,Drinks,Kappa Drinks,37.97
1665,Product 1665,Sugarcane Liquor,Drinks,Kappa Drinks,6.2
1781,Product 1781,Sugarcane Liquor,Drinks,Kappa Drinks,5.04
1782,Product 1782,Sugarcane Liquor,Drinks,Kappa Drinks,15.08
1783,Product 1783,Sugarcane Liquor,Drinks,Kappa Drinks,40.7
1787,Product 1787,Sugarcane Liquor,Drinks,Kappa Drinks,15.72
1790,Product 1790,Sugarcane Liquor,Drinks,Kappa Drinks,5.5
1791,Product 1791,Sugarcane Liquor,Drinks,Kappa Drinks,5.56
1792,Product 1792,Sugarcane Liquor,Drinks,Kappa Drinks,41.54
1795,Product 1795,Sugarcane Liquor,Drinks,Kappa Drinks,42.92
1800,Product 1800,Sugarcane Liquor,Drinks,Kappa Drinks,28.44
1854,Product 1854,Sugarcane Liquor,Drinks,Kappa Drinks,35.42
1855,Product 1855,Sugarcane Liquor,Drinks,Kappa Drinks,12.21
1869,Product 1869,Sugarcane Liquor,Drinks,Kappa Drinks,30.67
1873,Product 1873,Sugarcane Liquor,Drinks,Kappa Drinks,32.77
1925,Product 1925,Sugarcane Liquor,Drinks,Kappa Drinks,41.94
1978,Product 1978,Sugarcane Liquor,Drinks,Kappa Drinks,5.64
1979,Product 1979,Sugarcane Liquor,Drinks,Kappa Drinks,5.57
1999,Product 1999,Sugarcane Liquor,Drinks,Kappa Drinks,27.53
2003,Product 2003,Sugarcane Liquor,Drinks,Kappa Drinks,28.65
2004,Product 2004,Sugarcane Liquor,Drinks,Kappa Drinks,36.73
2089,Product 2089,Sugarcane Liquor,Drinks,Kappa Drinks,4.5
2090,Product 2090,Sugarcane Liquor,Drinks,Kappa Drinks,4.84
2092,Product 2092,Sugarcane Liquor,Drinks,Kappa Drinks,4.8
2093,Product 2093,Sugarcane Liquor,Drinks,Kappa Drinks,4.86
2095,Product 2095,Sugarcane Liquor,Drinks,Kappa Drinks,13.72
2099,Product 2099,Sugarcane Liquor,Drinks,Kappa Drinks,14.07
2102,Product 2102,Sugarcane Liquor,Drinks,Kappa Drinks,14.23
2103,Product 2103,Sugarcane Liquor,Drinks,Kappa Drinks,36.79
2104,Product 2104,Sugarcane Liquor,Drinks,Kappa Drinks,37.16
2105,Product 2105,Sugarcane Liquor,Drinks,Kappa Drinks,38.9
2106,Product 2106,Sugarcane Liquor,Drinks,Kappa Drinks,38.92
2107,Product 2107,Sugarcane Liquor,Drinks,Kappa Drinks,35.91
2109,Product 2109,Sugarcane Liquor,Drinks,Kappa Drinks,37.65
2120,Product 2120,Sugarcane Liquor,Drinks,Kappa Drinks,79.73
2121,Product 2121,Sugarcane Liquor,Drinks,Kappa Drinks,81.16
2125,Product 2125,Sugarcane Liquor,Drinks,Kappa Drinks,6.86
2314,Product 2314,Sugarcane Liquor,Drinks,Kappa Drinks,6.1
2315,Product 2315,Sugarcane Liquor,Drinks,Kappa Drinks,6.19
2317,Product 2317,Sugarcane Liquor,Drinks,Kappa Drinks,6.29
2318,Product 2318,Sugarcane Liquor,Drinks,Kappa Drinks,6.2
2319,Product 2319,Sugarcane Liquor,Drinks,Kappa Drinks,6.17
2392,Product 2392,Sugarcane Liquor,Drinks,Kappa Drinks,40.97
2393,Product 2393,Sugarcane Liquor,Drinks,Kappa Drinks,5.29
2394,Product 2394,Sugarcane Liquor,Drinks,Kappa Drinks,27.73
2396,Product 2396,Sugarcane Liquor,Drinks,Kappa Drinks,5.32
2410,Product 2410,Sugarcane Liquor,Drinks,Kappa Drinks,15.47
2414,Product 2414,Sugarcane Liquor,Drinks,Kappa Drinks,40.03
2419,Product 2419,Sugarcane Liquor,Drinks,Kappa Drinks,39.4
2427,Product 2427,Sugarcane Liquor,Drinks,Kappa Drinks,5.96
2428,Product 2428,Sugarcane Liquor,Drinks,Kappa Drinks,6.03
2429,Product 2429,Sugarcane Liquor,Drinks,Kappa Drinks,5.63
2430,Product 2430,Sugarcane Liquor,Drinks,Kappa Drinks,3.95
2431,Product 2431,Sugarcane Liquor,Drinks,Kappa Drinks,6.39
2432,Product 2432,Sugarcane Liquor,Drinks,Kappa Drinks,32.49
2433,Product 2433,Sugarcane Liquor,Drinks,Kappa Drinks,34.27
2434,Product 2434,Sugarcane Liquor,Drinks,Kappa Drinks,35.08
2435,Product 2435,Sugarcane Liquor,Drinks,Kappa Drinks,32.6
2436,Product 2436,Sugarcane Liquor,Drinks,Kappa Drinks,34.54
2449,Product 2449,Sugarcane Liquor,Drinks,Kappa Drinks,13.39
2450,Product 2450,Sugarcane Liquor,Drinks,Kappa Drinks,12.89
2458,Product 2458,Sugarcane Liquor,Drinks,Kappa Drinks,8.36
2603,Product 2603,Sugarcane Liquor,Drinks,Kappa Drinks,37.45
2604,Product 2604,Sugarcane Liquor,Drinks,Kappa Drinks,33.87
406,Product 406,Energy Drinks,Drinks,Kappa Drinks,65.39
466,Product 466,Energy Drinks,Drinks,Kappa Drinks,65.38
557,Product 557,Energy Drinks,Drinks,Kappa Drinks,62.12
559,Product 559,Energy Drinks,Drinks,Kappa Drinks,62.28
1244,Product 1244,Red Dry Wine,Drinks,Kappa Drinks,1.73
1258,Product 1258,Red Dry Wine,Drinks,Kappa Drinks,1.8
1259,Product 1259,Red Dry Wine,Drinks,Kappa Drinks,1.77
1260,Product 1260,Red Dry Wine,Drinks,Kappa Drinks,1.79
1372,Product 1372,Red Sweet Wine,Drinks,Kappa Drinks,8.69
1374,Product 1374,Red Sweet Wine,Drinks,Kappa Drinks,8.94
1376,Product 1376,Red Sweet Wine,Drinks,Kappa Drinks,5.05
1377,Product 1377,Red Sweet Wine,Drinks,Kappa Drinks,5.07
1378,Product 1378,Red Sweet Wine,Drinks,Kappa Drinks,3.61
1390,Product 1390,Energy Drinks,Drinks,Kappa Drinks,66.41
1452,Product 1452,Energy Drinks,Drinks,Kappa Drinks,37.8
1810,Product 1810,Energy Drinks,Drinks,Kappa Drinks,65.71
1916,Product 1916,Energy Drinks,Drinks,Kappa Drinks,48.84
1918,Product 1918,Energy Drinks,Drinks,Kappa Drinks,55.55
1920,Product 1920,Energy Drinks,Drinks,Kappa Drinks,55.62
1972,Product 1972,Imported Wine,Drinks,Kappa Drinks,25.01
1973,Product 1973,Imported Wine,Drinks,Kappa Drinks,25.24
1981,Product 1981,Red Sweet Wine,Drinks,Kappa Drinks,1.9
1982,Product 1982,Red Sweet Wine,Drinks,Kappa Drinks,1.89
1983,Product 1983,Imported Wine,Drinks,Kappa Drinks,24.2
1985,Product 1985,Red Sweet Wine,Drinks,Kappa Drinks,1.3
1986,Product 1986,Red Sweet Wine,Drinks,Kappa Drinks,1.4
1987,Product 1987,Imported Wine,Drinks,Kappa Drinks,24.14
1988,Product 1988,Red Sweet Wine,Drinks,Kappa Drinks,1.35
1989,Product 1989,Red Sweet Wine,Drinks,Kappa Drinks,1.37
1990,Product 1990,Red Sweet Wine,Drinks,Kappa Drinks,1.36
1991,Product 1991,Red Sweet Wine,Drinks,Kappa Drinks,1.4
1993,Product 1993,Imported Wine,Drinks,Kappa Drinks,2.45
2042,Product 2042,Energy Drinks,Drinks,Kappa Drinks,26.18
2046,Product 2046,Energy Drinks,Drinks,Kappa Drinks,69.58
2047,Product 2047,Energy Drinks,Drinks,Kappa Drinks,62.95
2052,Product 2052,Red Dry Wine,Drinks,Kappa Drinks,0.73
2053,Product 2053,Red Dry Wine,Drinks,Kappa Drinks,0.73
2054,Product 2054,Red Dry Wine,Drinks,Kappa Drinks,0.76
2055,Product 2055,Red Dry Wine,Drinks,Kappa Drinks,0.78
2056,Product 2056,Red Dry Wine,Drinks,Kappa Drinks,0.78
2057,Product 2057,Red Dry Wine,Drinks,Kappa Drinks,0.71
2058,Product 2058,Red Dry Wine,Drinks,Kappa Drinks,0.72
2059,Product 2059,Red Dry Wine,Drinks,Kappa Drinks,0.71
2060,Product 2060,Red Dry Wine,Drinks,Kappa Drinks,0.77
2061,Product 2061,Red Dry Wine,Drinks,Kappa Drinks,0.75
2062,Product 2062,Red Dry Wine,Drinks,Kappa Drinks,0.72
2063,Product 2063,Red Dry Wine,Drinks,Kappa Drinks,0.72
2064,Product 2064,Red Dry Wine,Drinks,Kappa Drinks,0.78
2065,Product 2065,Red Dry Wine,Drinks,Kappa Drinks,0.73
2066,Product 2066,Red Dry Wine,Drinks,Kappa Drinks,0.77
2067,Product 2067,Red Dry Wine,Drinks,Kappa Drinks,0.75
2068,Product 2068,Red Dry Wine,Drinks,Kappa Drinks,0.76
2069,Product 2069,Red Dry Wine,Drinks,Kappa Drinks,0.76
2070,Product 2070,Red Dry Wine,Drinks,Kappa Drinks,0.77
2072,Product 2072,Red Dry Wine,Drinks,Kappa Drinks,0.76
2073,Product 2073,Red Dry Wine,Drinks,Kappa Drinks,0.76
2135,Product 2135,Energy Drinks,Drinks,Kappa Drinks,11.94
2137,Product 2137,Energy Drinks,Drinks,Kappa Drinks,12.58
2138,Product 2138,Energy Drinks,Drinks,Kappa Drinks,13.24
2139,Product 2139,Energy Drinks,Drinks,Kappa Drinks,13.24
2140,Product 2140,Energy Drinks,Drinks,Kappa Drinks,13.24
2141,Product 2141,Energy Drinks,Drinks,Kappa Drinks,55.6
2159,Product 2159,Red Sweet Wine,Drinks,Kappa Drinks,1.86
2160,Product 2160,Red Sweet Wine,Drinks,Kappa Drinks,1.88
2191,Product 2191,Red Sweet Wine,Drinks,Kappa Drinks,1.24
2193,Product 2193,Red Sweet Wine,Drinks,Kappa Drinks,1.21
2194,Product 2194,Red Sweet Wine,Drinks,Kappa Drinks,1.59
2216,Product 2216,Imported Wine,Drinks,Kappa Drinks,15.33
2217,Product 2217,Imported Wine,Drinks,Kappa Drinks,15.31
2218,Product 2218,Imported Wine,Drinks,Kappa Drinks,15.89
2219,Product 2219,Red Sweet Wine,Drinks,Kappa Drinks,1.28
2220,Product 2220,Red Sweet Wine,Drinks,Kappa Drinks,1.36
2221,Product 2221,Red Dry Wine,Drinks,Kappa Drinks,0.71
2222,Product 2222,Red Dry Wine,Drinks,Kappa Drinks,0.75
2223,Product 2223,Red Dry Wine,Drinks,Kappa Drinks,0.76
2224,Product 2224,Red Dry Wine,Drinks,Kappa Drinks,0.75
2225,Product 2225,Red Dry Wine,Drinks,Kappa Drinks,0.78
2226,Product 2226,Red Dry Wine,Drinks,Kappa Drinks,0.78
2227,Product 2227,Red Dry Wine,Drinks,Kappa Drinks,0.79
2228,Product 2228,Red Dry Wine,Drinks,Kappa Drinks,0.77
2294,Product 2294,Red Dry Wine,Drinks,Kappa Drinks,0.73
2296,Product 2296,Red Dry Wine,Drinks,Kappa Drinks,0.74
2297,Product 2297,Red Dry Wine,Drinks,Kappa Drinks,0.78
2298,Product 2298,Red Dry Wine,Drinks,Kappa Drinks,0.77
2299,Product 2299,Red Dry Wine,Drinks,Kappa Drinks,0.71
2300,Product 2300,Red Dry Wine,Drinks,Kappa Drinks,0.79
2301,Product 2301,Red Dry Wine,Drinks,Kappa Drinks,0.78
2302,Product 2302,Red Dry Wine,Drinks,Kappa Drinks,0.76
2303,Product 2303,Red Dry Wine,Drinks,Kappa Drinks,0.77
2304,Product 2304,Red Dry Wine,Drinks,Kappa Drinks,0.78
2305,Product 2305,Red Dry Wine,Drinks,Kappa Drinks,0.76
2306,Product 2306,Red Dry Wine,Drinks,Kappa Drinks,0.74
2307,Product 2307,Red Dry Wine,Drinks,Kappa Drinks,0.78
2308,Product 2308,Red Dry Wine,Drinks,Kappa Drinks,0.72
2309,Product 2309,Red Dry Wine,Drinks,Kappa Drinks,0.74
2316,Product 2316,Red Dry Wine,Drinks,Kappa Drinks,0.75
2335,Product 2335,Energy Drinks,Drinks,Kappa Drinks,57.71
2337,Product 2337,Energy Drinks,Drinks,Kappa Drinks,53.12
2343,Product 2343,Energy Drinks,Drinks,Kappa Drinks,49.81
2344,Product 2344,Energy Drinks,Drinks,Kappa Drinks,55.66
2354,Product 2354,Energy Drinks,Drinks,Kappa Drinks,27.46
2358,Product 2358,Energy Drinks,Drinks,Kappa Drinks,25.69
2361,Product 2361,Energy Drinks,Drinks,Kappa Drinks,24.4
2364,Product 2364,Energy Drinks,Drinks,Kappa Drinks,26.97
2365,Product 2365,Energy Drinks,Drinks,Kappa Drinks,26.14
2370,Product 2370,Energy Drinks,Drinks,Kappa Drinks,41.53
2372,Product 2372,Energy Drinks,Drinks,Kappa Drinks,22.73
2373,Product 2373,Energy Drinks,Drinks,Kappa Drinks,25.02
2374,Product 2374,Red Dry Wine,Drinks,Kappa Drinks,2.17
2377,Product 2377,Red Dry Wine,Drinks,Kappa Drinks,1.06
2378,Product 2378,Red Dry Wine,Drinks,Kappa Drinks,1.06
2385,Product 2385,Red Sweet Wine,Drinks,Kappa Drinks,1.81
2388,Product 2388,Red Sweet Wine,Drinks,Kappa Drinks,1.88
2389,Product 2389,Red Sweet Wine,Drinks,Kappa Drinks,4.69
2390,Product 2390,Red Sweet Wine,Drinks,Kappa Drinks,4.94
2391,Product 2391,Red Sweet Wine,Drinks,Kappa Drinks,8.66
2398,Product 2398,Red Sweet Wine,Drinks,Kappa Drinks,2.81
2400,Product 2400,Red Sweet Wine,Drinks,Kappa Drinks,2.63
2401,Product 2401,Red Sweet Wine,Drinks,Kappa Drinks,2.59
2403,Product 2403,Red Sweet Wine,Drinks,Kappa Drinks,2.58
2405,Product 2405,Red Sweet Wine,Drinks,Kappa Drinks,3.03
2406,Product 2406,Red Sweet Wine,Drinks,Kappa Drinks,2.24
2407,Product 2407,Red Sweet Wine,Drinks,Kappa Drinks,1.68
2408,Product 2408,Red Sweet Wine,Drinks,Kappa Drinks,2.86
2409,Product 2409,Red Sweet Wine,Drinks,Kappa Drinks,1.64
2420,Product 2420,Red Sweet Wine,Drinks,Kappa Drinks,1.39
2642,Product 2642,Red Sweet Wine,Drinks,Kappa Drinks,1.38
2643,Product 2643,Red Sweet Wine,Drinks,Kappa Drinks,1.45
2648,Product 2648,Red Sweet Wine,Drinks,Kappa Drinks,1.42
2658,Product 2658,Red Sweet Wine,Drinks,Kappa Drinks,1.45
2659,Product 2659,Red Sweet Wine,Drinks,Kappa Drinks,1.45
514,Product 514,Flours,Food,Two Brothers Mill,4.93
527,Product 527,Flours,Food,Two Brothers Mill,3.27
581,Product 581,Flours,Food,Two Brothers Mill,2.63
654,Product 654,Crumbs,Food,Two Brothers Mill,66.06
662,Product 662,Flours,Food,Two Brothers Mill,5.92
775,Product 775,Sprinkles,Food,Two Brothers Mill,8.68
845,Product 845,Flours,Food,Two Brothers Mill,2.91
881,Product 881,Sprinkles,Food,Two Brothers Mill,9.97
935,Product 935,Crumbs,Food,Two Brothers Mill,14.19
1057,Product 1057,Crumbs,Food,Two Brothers Mill,34.59
1126,Product 1126,Crumbs,Food,Two Brothers Mill,19.23
1128,Product 1128,Crumbs,Food,Two Brothers Mill,11.3
1170,Product 1170,Flours,Food,Two Brothers Mill,5.3
1224,Product 1224,Crumbs,Food,Two Brothers Mill,10.44
1303,Product 1303,Crumbs,Food,Two Brothers Mill,18.97
1456,Product 1456,Crumbs,Food,Two Brothers Mill,15.89
1603,Product 1603,Flours,Food,Two Brothers Mill,4.91
1667,Product 1667,Crumbs,Food,Two Brothers Mill,24.55
1706,Product 1706,Crumbs,Food,Two Brothers Mill,32.27
1707,Product 1707,Crumbs,Food,Two Brothers Mill,29.72
1796,Product 1796,Sprinkles,Food,Two Brothers Mill,6.39
1839,Product 1839,Crumbs,Food,Two Brothers Mill,24.13
1840,Product 1840,Crumbs,Food,Two Brothers Mill,23.34
1841,Product 1841,Crumbs,Food,Two Brothers Mill,22.19
1842,Product 1842,Crumbs,Food,Two Brothers Mill,22.84
1845,Product 1845,Sprinkles,Food,Two Brothers Mill,8.27
1847,Product 1847,Sprinkles,Food,Two Brothers Mill,9.09
1848,Product 1848,Sprinkles,Food,Two Brothers Mill,8.47
1849,Product 1849,Sprinkles,Food,Two Brothers Mill,9.28
1937,Product 1937,Crumbs,Food,Two Brothers Mill,34.68
1938,Product 1938,Crumbs,Food,Two Brothers Mill,31.23
1950,Product 1950,Sprinkles,Food,Two Brothers Mill,8.42
1951,Product 1951,Sprinkles,Food,Two Brothers Mill,9.04
1963,Product 1963,Crumbs,Food,Two Brothers Mill,18.98
1965,Product 1965,Crumbs,Food,Two Brothers Mill,11.31
1966,Product 1966,Crumbs,Food,Two Brothers Mill,19.79
1967,Product 1967,Crumbs,Food,Two Brothers Mill,11.73
2098,Product 2098,Flours,Food,Two Brothers Mill,5.34
2108,Product 2108,Sprinkles,Food,Two Brothers Mill,8.76
2173,Product 2173,Sprinkles,Food,Two Brothers Mill,8.57
2174,Product 2174,Flours,Food,Two Brothers Mill,3.71
2181,Product 2181,Sprinkles,Food,Two Brothers Mill,9.2
2209,Product 2209,Crumbs,Food,Two Brothers Mill,32.71
2210,Product 2210,Crumbs,Food,Two Brothers Mill,16.48
2211,Product 2211,Crumbs,Food,Two Brothers Mill,30.51
2277,Product 2277,Sprinkles,Food,Two Brothers Mill,8.33
2485,Product 2485,Flours,Food,Two Brothers Mill,2.39
2503,Product 2503,Sprinkles,Food,Two Brothers Mill,7.38
2506,Product 2506,Sprinkles,Food,Two Brothers Mill,6.97
2507,Product 2507,Sprinkles,Food,Two Brothers Mill,6.66
2508,Product 2508,Sprinkles,Food,Two Brothers Mill,6.7
2509,Product 2509,Sprinkles,Food,Two Brothers Mill,6.34
2510,Product 2510,Sprinkles,Food,Two Brothers Mill,5.15
2522,Product 2522,Sprinkles,Food,Two Brothers Mill,5.7
2530,Product 2530,Flours,Food,Two Brothers Mill,6.46
2542,Product 2542,Flours,Food,Two Brothers Mill,0.89
202,Product 202,Wheat Flours,Food,Two Brothers Mill,1.01
203,Product 203,Wheat Flours,Food,Two Brothers Mill,1.01
210,Product 210,Wheat Flours,Food,Two Brothers Mill,0.63
231,Product 231,Wheat Flours,Food,Two Brothers Mill,6.49
235,Product 235,Wheat Flours,Food,Two Brothers Mill,0.61
238,Product 238,Wheat Flours,Food,Two Brothers Mill,0.64
1216,Product 1216,Wheat Flours,Food,Two Brothers Mill,0.64
1417,Product 1417,Wheat Flours,Food,Two Brothers Mill,1.43
1701,Product 1701,Wheat Flours,Food,Two Brothers Mill,18.83
1759,Product 1759,Wheat Flours,Food,Two Brothers Mill,0.9
1760,Product 1760,Wheat Flours,Food,Two Brothers Mill,0.9
1763,Product 1763,Wheat Flours,Food,Two Brothers Mill,0.9
1765,Product 1765,Wheat Flours,Food,Two Brothers Mill,1.01
1766,Product 1766,Wheat Flours,Food,Two Brothers Mill,1.47
1767,Product 1767,Wheat Flours,Food,Two Brothers Mill,2.49
1769,Product 1769,Wheat Flours,Food,Two Brothers Mill,2.49
1827,Product 1827,Wheat Flours,Food,Two Brothers Mill,1.33
1968,Product 1968,Wheat Flours,Food,Two Brothers Mill,4.71
2158,Product 2158,Wheat Flours,Food,Two Brothers Mill,0.67
2201,Product 2201,Wheat Flours,Food,Two Brothers Mill,9.45
2268,Product 2268,Wheat Flours,Food,Two Brothers Mill,2.45
2269,Product 2269,Wheat Flours,Food,Two Brothers Mill,2.44
2270,Product 2270,Wheat Flours,Food,Two Brothers Mill,2.42
2271,Product 2271,Wheat Flours,Food,Two Brothers Mill,2.45
2272,Product 2272,Wheat Flours,Food,Two Brothers Mill,2.46
2273,Product 2273,Wheat Flours,Food,Two Brothers Mill,2.45
2274,Product 2274,Wheat Flours,Food,Two Brothers Mill,2.45
2279,Product 2279,Wheat Flours,Food,Two Brothers Mill,2.41
2280,Product 2280,Wheat Flours,Food,Two Brothers Mill,2.45
2282,Product 2282,Wheat Flours,Food,Two Brothers Mill,2.42
2323,Product 2323,Wheat Flours,Food,Two Brothers Mill,1.64
2437,Product 2437,Wheat Flours,Food,Two Brothers Mill,0.93
2445,Product 2445,Wheat Flours,Food,Two Brothers Mill,1.02
2446,Product 2446,Wheat Flours,Food,Two Brothers Mill,1.02
2460,Product 2460,Wheat Flours,Food,Two Brothers Mill,1.06
2494,Product 2494,Wheat Flours,Food,Two Brothers Mill,3.98
2496,Product 2496,Wheat Flours,Food,Two Brothers Mill,12.32
2517,Product 2517,Wheat Flours,Food,Two Brothers Mill,0.68
2524,Product 2524,Wheat Flours,Food,Two Brothers Mill,2.46
2525,Product 2525,Wheat Flours,Food,Two Brothers Mill,5.04
2533,Product 2533,Wheat Flours,Food,Two Brothers Mill,14.43
2535,Product 2535,Wheat Flours,Food,Two Brothers Mill,12.32
2538,Product 2538,Wheat Flours,Food,Two Brothers Mill,14.65
2549,Product 2549,Wheat Flours,Food,Two Brothers Mill,2.39
2551,Product 2551,Wheat Flours,Food,Two Brothers Mill,16.8
2563,Product 2563,Wheat Flours,Food,Two Brothers Mill,18.9
2567,Product 2567,Wheat Flours,Food,Two Brothers Mill,0.52
2570,Product 2570,Wheat Flours,Food,Two Brothers Mill,15.84
2592,Product 2592,Wheat Flours,Food,Two Brothers Mill,11.41
2601,Product 2601,Wheat Flours,Food,Two Brothers Mill,2.21
2602,Product 2602,Wheat Flours,Food,Two Brothers Mill,2.43
2607,Product 2607,Wheat Flours,Food,Two Brothers Mill,13.57
2608,Product 2608,Wheat Flours,Food,Two Brothers Mill,16.31
2636,Product 2636,Wheat Flours,Food,Two Brothers Mill,2.74
2637,Product 2637,Wheat Flours,Food,Two Brothers Mill,2.75
2638,Product 2638,Wheat Flours,Food,Two Brothers Mill,2.8
2639,Product 2639,Wheat Flours,Food,Two Brothers Mill,2.85
2667,Product 2667,Wheat Flours,Food,Two Brothers Mill,2.53
2668,Product 2668,Wheat Flours,Food,Two Brothers Mill,2.52
2676,Product 2676,Wheat Flours,Food,Two Brothers Mill,1.11
2677,Product 2677,Wheat Flours,Food,Two Brothers Mill,1.13
2683,Product 2683,Wheat Flours,Food,Two Brothers Mill,2.68
2684,Product 2684,Wheat Flours,Food,Two Brothers Mill,2.66
2685,Product 2685,Wheat Flours,Food,Two Brothers Mill,2.65
256,Product 256,Yeast,Food,Two Brothers Mill,1.69
257,Product 257,Yeast,Food,Two Brothers Mill,2.02
258,Product 258,Yeast,Food,Two Brothers Mill,1.69
260,Product 260,Yeast,Food,Two Brothers Mill,1.04
264,Product 264,Yeast,Food,Two Brothers Mill,0.43
265,Product 265,Yeast,Food,Two Brothers Mill,0.43
271,Product 271,Yeast,Food,Two Brothers Mill,0.81
272,Product 272,Yeast,Food,Two Brothers Mill,0.81
276,Product 276,Yeast,Food,Two Brothers Mill,1.41
278,Product 278,Yeast,Food,Two Brothers Mill,1.65
279,Product 279,Yeast,Food,Two Brothers Mill,1.85
282,Product 282,Yeast,Food,Two Brothers Mill,1.38
283,Product 283,Yeast,Food,Two Brothers Mill,1.38
290,Product 290,Yeast,Food,Two Brothers Mill,1.86
291,Product 291,Yeast,Food,Two Brothers Mill,1.86
292,Product 292,Yeast,Food,Two Brothers Mill,1.86
304,Product 304,Yeast,Food,Two Brothers Mill,0.29
305,Product 305,Yeast,Food,Two Brothers Mill,0.29
318,Product 318,Yeast,Food,Two Brothers Mill,0.3
320,Product 320,Yeast,Food,Two Brothers Mill,0.3
321,Product 321,Yeast,Food,Two Brothers Mill,0.3
370,Product 370,Yeast,Food,Two Brothers Mill,0.88
378,Product 378,Yeast,Food,Two Brothers Mill,0.87
379,Product 379,Yeast,Food,Two Brothers Mill,0.87
384,Product 384,Yeast,Food,Two Brothers Mill,0.43
386,Product 386,Yeast,Food,Two Brothers Mill,0.43
392,Product 392,Yeast,Food,Two Brothers Mill,0.43
492,Product 492,Yeast,Food,Two Brothers Mill,1.83
548,Product 548,Yeast,Food,Two Brothers Mill,0.87
665,Product 665,Yeast,Food,Two Brothers Mill,0.86
1139,Product 1139,Yeast,Food,Two Brothers Mill,0.81
1227,Product 1227,Yeast,Food,Two Brothers Mill,0.63
1389,Product 1389,Yeast,Food,Two Brothers Mill,1.86
1399,Product 1399,Yeast,Food,Two Brothers Mill,0.83
1556,Product 1556,Yeast,Food,Two Brothers Mill,1.12
1557,Product 1557,Yeast,Food,Two Brothers Mill,1.11
1585,Product 1585,Yeast,Food,Two Brothers Mill,1.11
1597,Product 1597,Yeast,Food,Two Brothers Mill,1.12
1598,Product 1598,Yeast,Food,Two Brothers Mill,1.1
1599,Product 1599,Yeast,Food,Two Brothers Mill,0.93
1600,Product 1600,Yeast,Food,Two Brothers Mill,0.97
2075,Product 2075,Yeast,Food,Two Brothers Mill,1.11
2076,Product 2076,Yeast,Food,Two Brothers Mill,1.1
2079,Product 2079,Yeast,Food,Two Brothers Mill,1.07
2255,Product 2255,Yeast,Food,Two Brothers Mill,0.21
2256,Product 2256,Yeast,Food,Two Brothers Mill,0.2
2257,Product 2257,Yeast,Food,Two Brothers Mill,0.67
2258,Product 2258,Yeast,Food,Two Brothers Mill,0.66
2262,Product 2262,Yeast,Food,Two Brothers Mill,0.68
2472,Product 2472,Yeast,Food,Two Brothers Mill,0.44
2473,Product 2473,Yeast,Food,Two Brothers Mill,0.44
2474,Product 2474,Yeast,Food,Two Brothers Mill,0.43
2475,Product 2475,Yeast,Food,Two Brothers Mill,0.42
2476,Product 2476,Yeast,Food,Two Brothers Mill,0.43
2481,Product 2481,Yeast,Food,Two Brothers Mill,0.38
2482,Product 2482,Yeast,Food,Two Brothers Mill,0.37
2504,Product 2504,Yeast,Food,Two Brothers Mill,0.77
2505,Product 2505,Yeast,Food,Two Brothers Mill,0.76
2511,Product 2511,Yeast,Food,Two Brothers Mill,0.83
2513,Product 2513,Yeast,Food,Two Brothers Mill,0.82
2514,Product 2514,Yeast,Food,Two Brothers Mill,1.05
2516,Product 2516,Yeast,Food,Two Brothers Mill,1.01
2520,Product 2520,Yeast,Food,Two Brothers Mill,0.71
2521,Product 2521,Yeast,Food,Two Brothers Mill,0.68
2554,Product 2554,Yeast,Food,Two Brothers Mill,0.8
2556,Product 2556,Yeast,Food,Two Brothers Mill,0.45
2557,Product 2557,Yeast,Food,Two Brothers Mill,0.44
2558,Product 2558,Yeast,Food,Two Brothers Mill,0.83
2605,Product 2605,Yeast,Food,Two Brothers Mill,2.04
2606,Product 2606,Yeast,Food,Two Brothers Mill,2.23
2646,Product 2646,Yeast,Food,Two Brothers Mill,0.72
2687,Product 2687,Yeast,Food,Two Brothers Mill,1.36
333,Product 333,Oils,Food,Saint Rose Food,2.31
334,Product 334,Oils,Food,Saint Rose Food,1.98
513,Product 513,Oils,Food,Saint Rose Food,1
835,Product 835,Oils,Food,Saint Rose Food,0.85
838,Product 838,Oils,Food,Saint Rose Food,0.85
839,Product 839,Oils,Food,Saint Rose Food,0.84
876,Product 876,Oils,Food,Saint Rose Food,1.09
877,Product 877,Oils,Food,Saint Rose Food,1.05
878,Product 878,Oils,Food,Saint Rose Food,1.09
895,Product 895,Oils,Food,Saint Rose Food,5.82
896,Product 896,Oils,Food,Saint Rose Food,5.81
1048,Product 1048,Oils,Food,Saint Rose Food,0.85
1049,Product 1049,Oils,Food,Saint Rose Food,0.8
1131,Product 1131,Oils,Food,Saint Rose Food,1.14
1132,Product 1132,Oils,Food,Saint Rose Food,1.13
1133,Product 1133,Oils,Food,Saint Rose Food,1.14
1135,Product 1135,Oils,Food,Saint Rose Food,1.14
1150,Product 1150,Oils,Food,Saint Rose Food,1.19
1151,Product 1151,Oils,Food,Saint Rose Food,1.18
1231,Product 1231,Oils,Food,Saint Rose Food,1.21
1232,Product 1232,Oils,Food,Saint Rose Food,1.2
1234,Product 1234,Oils,Food,Saint Rose Food,1.3
1235,Product 1235,Oils,Food,Saint Rose Food,1.32
1236,Product 1236,Oils,Food,Saint Rose Food,1.31
1470,Product 1470,Oils,Food,Saint Rose Food,9.3
1484,Product 1484,Oils,Food,Saint Rose Food,1.19
1606,Product 1606,Oils,Food,Saint Rose Food,0.23
1607,Product 1607,Oils,Food,Saint Rose Food,0.23
1608,Product 1608,Oils,Food,Saint Rose Food,0.23
1653,Product 1653,Oils,Food,Saint Rose Food,0.36
1658,Product 1658,Oils,Food,Saint Rose Food,0.36
1659,Product 1659,Oils,Food,Saint Rose Food,0.35
1710,Product 1710,Oils,Food,Saint Rose Food,9.14
1721,Product 1721,Oils,Food,Saint Rose Food,0.35
1722,Product 1722,Oils,Food,Saint Rose Food,0.38
1815,Product 1815,Oils,Food,Saint Rose Food,0.84
1829,Product 1829,Oils,Food,Saint Rose Food,0.82
1830,Product 1830,Oils,Food,Saint Rose Food,0.82
2161,Product 2161,Oils,Food,Saint Rose Food,1.2
2166,Product 2166,Oils,Food,Saint Rose Food,1.23
2198,Product 2198,Oils,Food,Saint Rose Food,0.21
2202,Product 2202,Oils,Food,Saint Rose Food,0.25
2203,Product 2203,Oils,Food,Saint Rose Food,0.25
2204,Product 2204,Oils,Food,Saint Rose Food,0.26
2232,Product 2232,Oils,Food,Saint Rose Food,0.66
2233,Product 2233,Oils,Food,Saint Rose Food,0.65
2234,Product 2234,Oils,Food,Saint Rose Food,0.66
2248,Product 2248,Oils,Food,Saint Rose Food,5.01
2283,Product 2283,Oils,Food,Saint Rose Food,1.35
2284,Product 2284,Oils,Food,Saint Rose Food,0.64
2285,Product 2285,Oils,Food,Saint Rose Food,0.61
2286,Product 2286,Oils,Food,Saint Rose Food,1.35
2404,Product 2404,Oils,Food,Saint Rose Food,0.19
2412,Product 2412,Oils,Food,Saint Rose Food,0.25
2422,Product 2422,Oils,Food,Saint Rose Food,0.85
2423,Product 2423,Oils,Food,Saint Rose Food,0.85
2439,Product 2439,Oils,Food,Saint Rose Food,1.17
2486,Product 2486,Oils,Food,Saint Rose Food,5
2489,Product 2489,Oils,Food,Saint Rose Food,7.97
2490,Product 2490,Oils,Food,Saint Rose Food,8
2491,Product 2491,Oils,Food,Saint Rose Food,8.02
2519,Product 2519,Oils,Food,Saint Rose Food,0.38
2526,Product 2526,Oils,Food,Saint Rose Food,0.64
2571,Product 2571,Oils,Food,Saint Rose Food,2.95
2574,Product 2574,Oils,Food,Saint Rose Food,0.93
2577,Product 2577,Oils,Food,Saint Rose Food,0.92
2583,Product 2583,Oils,Food,Saint Rose Food,0.63
2593,Product 2593,Oils,Food,Saint Rose Food,1.02
2594,Product 2594,Oils,Food,Saint Rose Food,1.03
2595,Product 2595,Oils,Food,Saint Rose Food,1.21
2596,Product 2596,Oils,Food,Saint Rose Food,1.2
2619,Product 2619,Oils,Food,Saint Rose Food,0.35
2620,Product 2620,Oils,Food,Saint Rose Food,0.34
2621,Product 2621,Oils,Food,Saint Rose Food,0.34
2647,Product 2647,Oils,Food,Saint Rose Food,1.4
2652,Product 2652,Oils,Food,Saint Rose Food,0.73
2653,Product 2653,Oils,Food,Saint Rose Food,0.73
2654,Product 2654,Oils,Food,Saint Rose Food,1.43
2655,Product 2655,Oils,Food,Saint Rose Food,1.41
2656,Product 2656,Oils,Food,Saint Rose Food,1.44
2657,Product 2657,Oils,Food,Saint Rose Food,1.4
2665,Product 2665,Oils,Food,Saint Rose Food,8.33
2666,Product 2666,Oils,Food,Saint Rose Food,8.28
111,Product 111,Horticulture,Food,Saint Rose Food,3.56
114,Product 114,Spices,Food,Saint Rose Food,3.22
118,Product 118,Spices,Food,Saint Rose Food,1.78
120,Product 120,Spices,Food,Saint Rose Food,6.96
146,Product 146,Olive Oils,Food,Saint Rose Food,1.56
175,Product 175,Olive Oils,Food,Saint Rose Food,1.56
176,Product 176,Olive Oils,Food,Saint Rose Food,1.56
180,Product 180,Olive Oils,Food,Saint Rose Food,7.93
183,Product 183,Horticulture,Food,Saint Rose Food,3.37
186,Product 186,Horticulture,Food,Saint Rose Food,3.85
187,Product 187,Horticulture,Food,Saint Rose Food,4.4
191,Product 191,Horticulture,Food,Saint Rose Food,5.02
280,Product 280,Olive Oils,Food,Saint Rose Food,2.02
438,Product 438,Olive Oils,Food,Saint Rose Food,5.53
439,Product 439,Olive Oils,Food,Saint Rose Food,6.71
440,Product 440,Olive Oils,Food,Saint Rose Food,6.73
442,Product 442,Olive Oils,Food,Saint Rose Food,6.71
645,Product 645,Spices,Food,Saint Rose Food,3.03
668,Product 668,Popcorn,Food,Saint Rose Food,1.92
741,Product 741,Spices,Food,Saint Rose Food,13.24
771,Product 771,Horticulture,Food,Saint Rose Food,4.43
829,Product 829,Olive Oils,Food,Saint Rose Food,5.51
830,Product 830,Olive Oils,Food,Saint Rose Food,5.5
1031,Product 1031,Horticulture,Food,Saint Rose Food,4.68
1073,Product 1073,Spices,Food,Saint Rose Food,6.11
1074,Product 1074,Spices,Food,Saint Rose Food,6.13
1082,Product 1082,Horticulture,Food,Saint Rose Food,3.94
1154,Product 1154,Popcorn,Food,Saint Rose Food,1.93
1188,Product 1188,Horticulture,Food,Saint Rose Food,4.61
1468,Product 1468,Spices,Food,Saint Rose Food,2.76
1491,Product 1491,Horticulture,Food,Saint Rose Food,7.23
1497,Product 1497,Horticulture,Food,Saint Rose Food,3.01
1518,Product 1518,Spices,Food,Saint Rose Food,7.15
1527,Product 1527,Popcorn,Food,Saint Rose Food,1.86
1530,Product 1530,Spices,Food,Saint Rose Food,3.03
1602,Product 1602,Horticulture,Food,Saint Rose Food,4.64
1737,Product 1737,Spices,Food,Saint Rose Food,2.77
1831,Product 1831,Spices,Food,Saint Rose Food,8.16
1862,Product 1862,Popcorn,Food,Saint Rose Food,1.84
1864,Product 1864,Spices,Food,Saint Rose Food,9.43
2022,Product 2022,Horticulture,Food,Saint Rose Food,1.44
2023,Product 2023,Horticulture,Food,Saint Rose Food,1.47
2024,Product 2024,Horticulture,Food,Saint Rose Food,1.48
2025,Product 2025,Horticulture,Food,Saint Rose Food,1.48
2080,Product 2080,Spices,Food,Saint Rose Food,6.99
2164,Product 2164,Horticulture,Food,Saint Rose Food,8.95
2165,Product 2165,Horticulture,Food,Saint Rose Food,8.82
2168,Product 2168,Horticulture,Food,Saint Rose Food,2.87
2172,Product 2172,Horticulture,Food,Saint Rose Food,2.86
2205,Product 2205,Horticulture,Food,Saint Rose Food,3.2
2239,Product 2239,Spices,Food,Saint Rose Food,2.83
2402,Product 2402,Horticulture,Food,Saint Rose Food,3.12
2443,Product 2443,Horticulture,Food,Saint Rose Food,3.75
2444,Product 2444,Olive Oils,Food,Saint Rose Food,6.02
2447,Product 2447,Olive Oils,Food,Saint Rose Food,4.81
2452,Product 2452,Olive Oils,Food,Saint Rose Food,4.68
2463,Product 2463,Horticulture,Food,Saint Rose Food,3.04
2464,Product 2464,Spices,Food,Saint Rose Food,7.11
2467,Product 2467,Spices,Food,Saint Rose Food,5.78
2469,Product 2469,Horticulture,Food,Saint Rose Food,6.61
2483,Product 2483,Horticulture,Food,Saint Rose Food,6.05
2484,Product 2484,Horticulture,Food,Saint Rose Food,3.12
2502,Product 2502,Spices,Food,Saint Rose Food,9.64
2527,Product 2527,Spices,Food,Saint Rose Food,8.49
2536,Product 2536,Popcorn,Food,Saint Rose Food,2.57
2543,Product 2543,Spices,Food,Saint Rose Food,1.89
2560,Product 2560,Horticulture,Food,Saint Rose Food,3.11
2573,Product 2573,Horticulture,Food,Saint Rose Food,3.45
2575,Product 2575,Horticulture,Food,Saint Rose Food,2.98
2584,Product 2584,Horticulture,Food,Saint Rose Food,1.46
2585,Product 2585,Horticulture,Food,Saint Rose Food,1.44
2597,Product 2597,Tomato Sauces,Food,Saint Rose Food,1.64
2611,Product 2611,Horticulture,Food,Saint Rose Food,3.25
2612,Product 2612,Horticulture,Food,Saint Rose Food,3.08
2613,Product 2613,Horticulture,Food,Saint Rose Food,2.6
2622,Product 2622,Olive Oils,Food,Saint Rose Food,6
2624,Product 2624,Olive Oils,Food,Saint Rose Food,5.12
2626,Product 2626,Olive Oils,Food,Saint Rose Food,6.65
2627,Product 2627,Olive Oils,Food,Saint Rose Food,3.74
2633,Product 2633,Horticulture,Food,Saint Rose Food,2.96
2641,Product 2641,Horticulture,Food,Saint Rose Food,2.51
2660,Product 2660,Olive Oils,Food,Saint Rose Food,6.56
2663,Product 2663,Spices,Food,Saint Rose Food,2.76
2670,Product 2670,Popcorn,Food,Saint Rose Food,1.51
2671,Product 2671,Popcorn,Food,Saint Rose Food,1.52
2672,Product 2672,Popcorn,Food,Saint Rose Food,1.57
2673,Product 2673,Popcorn,Food,Saint Rose Food,1.5
2678,Product 2678,Spices,Food,Saint Rose Food,14.18
108,Product 108,Ground Coffee,Food,King Coffee,35.18
142,Product 142,Ground Coffee,Food,King Coffee,19.46
143,Product 143,Ground Coffee,Food,King Coffee,19.53
144,Product 144,Ground Coffee,Food,King Coffee,19.65
145,Product 145,Ground Coffee,Food,King Coffee,19.99
157,Product 157,Powdered Milk,Food,King Coffee,2.6
158,Product 158,Powdered Milk,Food,King Coffee,3.03
159,Product 159,Coffee Pods,Food,King Coffee,7.73
168,Product 168,Coffee Pods,Food,King Coffee,4.05
252,Product 252,Powdered Milk,Food,King Coffee,3.03
344,Product 344,Ground Coffee,Food,King Coffee,34.39
345,Product 345,Ground Coffee,Food,King Coffee,12.85
462,Product 462,Sugars,Food,King Coffee,1.87
463,Product 463,Sugars,Food,King Coffee,1.87
467,Product 467,Sugars,Food,King Coffee,1.85
468,Product 468,Sugars,Food,King Coffee,1.86
469,Product 469,Sugars,Food,King Coffee,1.88
473,Product 473,Sugars,Food,King Coffee,2.68
474,Product 474,Sugars,Food,King Coffee,2.63
476,Product 476,Sugars,Food,King Coffee,1.86
477,Product 477,Sugars,Food,King Coffee,2.68
481,Product 481,Sugars,Food,King Coffee,2.59
483,Product 483,Sugars,Food,King Coffee,1.85
487,Product 487,Sugars,Food,King Coffee,1.85
691,Product 691,Sugars,Food,King Coffee,2.74
692,Product 692,Sugars,Food,King Coffee,2.71
693,Product 693,Sugars,Food,King Coffee,2.73
694,Product 694,Sugars,Food,King Coffee,4.68
695,Product 695,Sugars,Food,King Coffee,4.71
696,Product 696,Sugars,Food,King Coffee,4.67
702,Product 702,Sugars,Food,King Coffee,2.69
703,Product 703,Sugars,Food,King Coffee,4.67
811,Product 811,Sugars,Food,King Coffee,5.86
886,Product 886,Coffee Pods,Food,King Coffee,6.78
965,Product 965,Powdered Milk,Food,King Coffee,3.75
1019,Product 1019,Coffee Pods,Food,King Coffee,5.74
1046,Product 1046,Sugars,Food,King Coffee,5.56
1085,Product 1085,Ground Coffee,Food,King Coffee,11.08
1086,Product 1086,Ground Coffee,Food,King Coffee,11.1
1152,Product 1152,Ground Coffee,Food,King Coffee,11.21
1155,Product 1155,Powdered Milk,Food,King Coffee,2.69
1166,Product 1166,Powdered Milk,Food,King Coffee,3.07
1172,Product 1172,Ground Coffee,Food,King Coffee,30.94
1179,Product 1179,Ground Coffee,Food,King Coffee,25.72
1339,Product 1339,Ground Coffee,Food,King Coffee,22.79
1420,Product 1420,Coffee Pods,Food,King Coffee,3
1421,Product 1421,Coffee Pods,Food,King Coffee,2.96
1521,Product 1521,Coffee Pods,Food,King Coffee,2.42
1560,Product 1560,Coffee Pods,Food,King Coffee,1.35
1561,Product 1561,Coffee Pods,Food,King Coffee,1.35
1596,Product 1596,Ground Coffee,Food,King Coffee,41.06
1814,Product 1814,Ground Coffee,Food,King Coffee,4.63
1824,Product 1824,Coffee Pods,Food,King Coffee,7.02
1838,Product 1838,Coffee Pods,Food,King Coffee,2.56
1863,Product 1863,Powdered Milk,Food,King Coffee,3.22
1927,Product 1927,Ground Coffee,Food,King Coffee,4.5
2096,Product 2096,Sugars,Food,King Coffee,2.11
2097,Product 2097,Sugars,Food,King Coffee,2.11
2151,Product 2151,Powdered Milk,Food,King Coffee,7.24
2187,Product 2187,Sugars,Food,King Coffee,2.66
2188,Product 2188,Sugars,Food,King Coffee,2.61
2197,Product 2197,Coffee Pods,Food,King Coffee,3.27
2212,Product 2212,Ground Coffee,Food,King Coffee,22.78
2236,Product 2236,Powdered Milk,Food,King Coffee,1.72
2238,Product 2238,Ground Coffee,Food,King Coffee,23.18
2247,Product 2247,Teas,Drinks,King Coffee,7.43
2264,Product 2264,Ground Coffee,Food,King Coffee,22.57
2461,Product 2461,Coffee Pods,Food,King Coffee,3.28
2493,Product 2493,Ground Coffee,Food,King Coffee,22.95
2512,Product 2512,Sugars,Food,King Coffee,2.28
2515,Product 2515,Sugars,Food,King Coffee,2.23
2531,Product 2531,Sugars,Food,King Coffee,3.25
2547,Product 2547,Coffee Pods,Food,King Coffee,2.59
2552,Product 2552,Coffee Pods,Food,King Coffee,2.56
2578,Product 2578,Sugars,Food,King Coffee,1.92
2589,Product 2589,Sugars,Food,King Coffee,1.92
2590,Product 2590,Sugars,Food,King Coffee,1.9
2591,Product 2591,Sugars,Food,King Coffee,1.89
2609,Product 2609,Ground Coffee,Food,King Coffee,22.47
2614,Product 2614,Sugars,Food,King Coffee,5.1
2615,Product 2615,Sugars,Food,King Coffee,5.14
2635,Product 2635,Sugars,Food,King Coffee,8
2651,Product 2651,Powdered Milk,Food,King Coffee,2.69
660,Product 660,Canned Sweets,Food,Sweets Wholesale,2.59
661,Product 661,Canned Sweets,Food,Sweets Wholesale,2.58
824,Product 824,Canned Sweets,Food,Sweets Wholesale,2.26
825,Product 825,Canned Sweets,Food,Sweets Wholesale,2.91
1723,Product 1723,Canned Sweets,Food,Sweets Wholesale,3.05
1939,Product 1939,Sweets,Food,Sweets Wholesale,12.88
1942,Product 1942,Sweets,Food,Sweets Wholesale,6.35
1943,Product 1943,Sweets,Food,Sweets Wholesale,6.49
1948,Product 1948,Sweets,Food,Sweets Wholesale,11.62
2026,Product 2026,Sweets,Food,Sweets Wholesale,9.42
2185,Product 2185,Canned Sweets,Food,Sweets Wholesale,2.71
2200,Product 2200,Sweets,Food,Sweets Wholesale,19.07
2492,Product 2492,Canned Sweets,Food,Sweets Wholesale,3.4
2534,Product 2534,Sweets,Food,Sweets Wholesale,21.8
2545,Product 2545,Sweets,Food,Sweets Wholesale,22.16
2586,Product 2586,Sweets,Food,Sweets Wholesale,11.64
2623,Product 2623,Canned Sweets,Food,Sweets Wholesale,1.05
2640,Product 2640,Sweets,Food,Sweets Wholesale,14.51
